822bd575fda6b00465a906609cae4ff0,5944
b0d378af9a82caa9602c65274b7dc1fb,8047
aa5ee23efa51d0578210e815ebe1cd1a,2745
50d5d9078648ed5d235b14471b462b1e,5035
1b382bc5aba67dee0de331ff26bb2c19,2632
7a0b313f491a85f387ca5634bb1f726b,7306
8d93c29d544d58142d117b608ae076f2,8558
5094bba8d55880be2ac29b7f93f8e74d,4209
6b0c784b18f8ae448f7ae6bf86b75d29,7354
69da3e3476f82dbf6ca4786c58dc2211,2080
b7dfdd13b1747b1ecfe585a185f7b1f0,3472
2459f81e6090b9b74fddf82f312c4be3,9325
4ff0e1a0830023dbbc1b32f72c35f342,7322
f8b5efbaef355f876694bda2807f0e75,3064
2f6ef49ad88efe219ec469bdd101e6c8,0039
371eb6ca86a1dc2527cf5bb087c60311,2895
24618e83cc0e92ddd8fabf7d3637ab16,8468
048d3beac5afa8faff5712e0469adf32,8832
75610251afebb285a612a7293be4496d,4332
f817c5994f781befc59ce2d5568a4ca0,4740
033be11ca05e73f6b91e84a0de80b79d,3754
8e18b5267457d167b5a18b06aa2923a2,2305
15c8ad01004a50f0a03997748a14e999,8604
44a5add5d56179d527633d2d792f7f87,5984
a4b068eb217e6e4016e379e8f711e600,3509
7e42f8dbf8f66e35ffd0496bac663f03,4345
48370cbed9764fcc8550dc1d697022e5,2322
f2eaff638e10efef0efa03f834951adf,7200
cedb8114587785f1b9972281b1be84aa,2494
408dffa0ac51f5fc29ad60e8d3e18636,7786
b5f91deb1c023b8f57ffa91336039b9b,3476
aa0334bea9e9046abc54ec9f6c36f8dc,6593
fadce1253ae4075221a884a7a584b23b,2636
0b859cdebaeae4167888dcd676f8d921,0358
b0d243bc499e8846fee6619a1441c6a6,0653
5378e1f3052f583e6df43ff549a10369,8840
3352f26eb2cdb93eb6a78f17aa611d23,4440
65995c21704102b91f9b491d1bbdd6a6,4880
a916c93b72d691d39c1459167b2d00df,3332
02313ff609d505de103633e8bb94b71f,7480
8aa75f1dd8e5ec643c58273337bbbd82,2054
3b764acee0a6a2237bccfd960539217b,9999
3496fa6212845cb1e278a4acda59455e,4597
00322f332b07277a8f5309b6559e922b,2902
c557d9a93b1e1a8cf8d34578798aa85f,7856
bf9f7329f288d160d2e98fd970a5610d,7492
03b56309a83c0e53a115a9ac3245d764,7738
868c8487b5cb1144ec32b42f1aef04d5,7883
6cecf0738048d2f4867b6ae2037232bb,2227
9279775f92fd5c0a0551e1528c80494f,3834
4b257591c323e919dabafdeeb0f280ce,8940
55be93afc27c1fed852a025661f68ca5,2003
636cdaa398a4b82e65054d3ae37816df,5054
404cbb526d36429a193c9699859eac77,7453
2216ecbe77cdeeec8eff0b30f9568a89,2267
f3ed77469c7b13c2a2f57ac1478f8326,3455
68a52bc269c9d68d95303010c85c58f2,8700
cd9edf2d6e9f59ce00dd7cba8cb2164e,6482
a2dc9aac1443c24ee019e705bcc43987,5044
20f9b1b4155416605248535f49cd3e48,7485
d6c60bcdff7ec7c0235e646d73fc4dbe,5579
a81df8fda7714964af073f22f374e317,5356
6f508ad8c91ecbba8c0c982500fa910c,8708
62fcc6e925c402770bc048e1842c7df1,3045
daaf7ff2c55ca449d735c4a589a58b61,3382
d2e32b7bbb6bc32defc4f69881d6fdf4,8378
b97643c21df797bd3799632ce3982e24,5553
e1f73fee2cae20a332706b84f6f4a006,6946
9f023f5ea2fc6660776dcd4c0177741d,2863
df328b6e397ab16e2dbdec1118c9af3b,3907
63b9c19eb50f36750c5646b11ecfab76,9266
fc6b9850718ac8b2f74451f23f37f6b2,6232
01c3c608a3d6bb6f2bebd24ad1bc567a,9378
73911e1e40eca226673e1d4036413e36,6920
78e1c964bb82c2122748c9ec620bbbbc,0209
0a080c0d7dc3d7f494750e7153eaa4e2,8873
508680026818cb359abef928abb41d0a,3755
d80e92073453bcd60092feacbd969810,3848
0e4138361206a556fbe30beacbc69a70,0392
ec0e42c1a4a937180a3e04619cdc6961,2780
0301037fded129b19fc160e6a45274f6,8828
b5a7d33e440aab6ca3952f5afd25dc09,8284
f1a1bd6411ae826dbcaa57e49d2ad024,3470
98e1690712d1bb5f0aa9b1dbe592a65a,9433
9147d82ddceae94d78ad9e95e37491f2,6340
00548a45a2ba976eb8547f5445ac6ce9,2284
80dc5773d3c6abd965b6e35cfbbc2b3d,2007
fb08ee372293dd2490743160941f8e55,4706
fafeff6804cd9b86bd319e5091fd3cb5,9207
52bf117317cdfe9dee59408b0ab8bb69,8752
90de7af9e95de879374f42fb0ba0247a,4080
450e09dfe7f86efbfd5766fe67a98249,4249
d28dc98508b10e3d03b3182506acf57b,9390
2b0ac487bd09ebf4620d0b4005ccb367,9668
cd76bb2f9c5b3568baca21192e9c4078,5496
a21265be7aeffa6baf38b0cbc8094df2,6250
4a46951c25e74209938e8815b45df6c8,3907
7a4f070d4704c16258c62923ba73bbc9,3700
80bdb531aa6e6422712fb64396f2ab76,2536
b8b970eae89edf6e0bf830110c8cbe4f,4983
73839303980c5928d396159f33a9d865,6486
d43d91ca0713d5ae7e0a09cd53a1bb1c,7487
90fbd8d48a3a129ab1a6a955592c616b,0602
ae3751d70f22fcfffa0d19f711db0c0d,7286
531c27656426185facfb25b0c8caf080,6039
ec93c18e0731ad5a4e0d8459e26a5d0b,2808
cb7c9bdd00e202cdee6d8db514e7e8ec,3994
1988e6c173b3ee0cf2fa264b0931278c,0470
3982fca47004071cbb3c6824415b5d81,8402
4e5fd5eb524834287fefd754750481d7,7049
ff1368a55fc63e6455275bfb9b8d76fe,4584
64175da09f70a15ab93640cc99c3baf2,8559
3fa8fdbc35cf0b3f8b279b267a316aac,3625
1c7b7d00d2c7271094320aaf5d57d547,8403
62d5405146866fca45d89076e26ac63c,4738
082936bf699c55f20e9027fd3237b260,7907
43a041aea97d50b2382f5bdae2d1ae07,4427
3895dfea8b9a2ffd305d963cf6484c62,0492
4d3a01c2c046dfa32ab19e34f9ca7059,7264
a34ff1056d0f34b43d779bdfaae1521c,6423
371bb5f300b81989163e63fa0f8346d3,7622
6c9718b11702e3c75d4af73edd427788,0882
ad1e8f442e3d1f37563612113450d7be,2080
6162df2e19bdf686a8853df8d2153ab6,2255
b5d6e8db67482dfba90287def44757ee,2733
8a33ff88988da89505bf643d36d59252,0872
da4f7add426d7740d5f25479a5ce6817,5250
18f5c90bd1a73c82b96221f2b7222305,9673
957b57cd46d5c493c1ad0e9612b6d3ed,4549
2a1f71ab8d04c4fc54ac0900ea5ea189,9067
c9bc8aaad8e4ccdd7635ad6c01fd5a44,3297
d32bdc58b8d9532e06409613dc1f2d35,7786
48257d9d0585da12a644f5af536872d8,9097
29a831b250877e08daf1576ae5fb88b6,5088
94699f3d8679c2a9a0f9c1f56b6e2769,8652
15290138f64be9938e404fa5ac45d158,2386
08e8ad925ea888d76fbc6a9e272dac98,0665
99bce911306e736984b64a62e6d1cc42,7079
801994c1d9f2febcf670ef624f1e0e06,6449
624c6d658063493de55775a708a89aeb,2832
86f017614379b942df0e0a074b1fe403,6627
39e820ff834a10fbad629105172cce61,7728
ebda4722654ff65067b86900bf944059,2492
487c3dc9428a4c43a1316c76076e84ba,5623
2016526dad627b463d8db4a6deebbb40,5454
37115a3589c495033ffeb4c1041590d6,6859
3a36a8df09e2c784f7c2d44194c6f53e,7050
d479e3b047e8d27fe61d02ebc183d227,7474
0cd779fd54858b67d5f363164cee02f9,4594
ffb5126ca2d5101fa13c4d8856bf6cc4,9975
8681bfaec3fa0d393f5e5c01ce5fda28,7584
aeae7a96cb319619e08c9d73569d0566,4676
4c06972871041573fe890fc08cbb8151,9069
7c5e9268cd8e928f87a4cfb77bd78b2d,2782
db5c9c34c7a2481aebc44eeb44757749,7625
ceb15729e8ca1aa400e113a4c33408bd,7993
d3812a46df2e79c1921d8aa676101c98,2083
4480834714d786ef70d1876f18429916,0564
de2719c6065b841e64c40e11b3344a6a,3764
1af22d3b64898cd9f98fc46f8e6af7a0,4548
8cbe25b1a843ee98f8ce1b1c87bed766,8704
86f9ba744b0c64f6e3ac633686d2388e,2655
d6b2e9337d173a1a07b5ac84eda06c14,5883
cda65e46a813e6fbc6d59da662d8d6f9,8079
228f057f3233b5431576b6023bbda312,7932
92b1f8ae5d07778ba8ad2b83d3d66182,8533
50dd637649b9409c549678329c26a6db,0743
16c5e3297c75166adaa9995ae6e6645d,3985
c789de0ab7c3f06955a4f404f771eeba,8936
8633f21bba8276e2c28fd017389c3ce4,5832
bca4fe6e7ed0b52c26e2c4f18527047d,3260
990fd497ddaeab9a4d2698909feece86,3075
9823a7b37df0e5beb10c8a1878ac90e9,3753
5c5f15cdf7967eb0053382fe88f187c4,6986
88977b3f0bd49599dd26b4dd83ecfea1,7338
81a04703911818f00295be6d34299fc7,7408
3934e11d999d325852be7119df8f09c5,7382
713323aa90467aea7c6ff1778f74a3db,6669
fd3627e4d32256cade9491dc84b6eb82,6870
914e792bce18e13f6fe5554dc13bc034,2299
109ad0bafa701291f6ca917da0c56c84,9320
b03aef99713fe014c4e29439453fdff7,0749
c6ee51ea699c2953bc9a395a86318a22,0996
00f5b914856bf0672e1bf1e0fcb533a3,9025
1ceb1f0376dec3a0109f00dad19a3aa4,8567
45ecce4ec06afb14093f68eba0936bd2,3582
0fe61c1975e230929c44a8650dc19b89,9777
36ba52da806590c037c5d943fbb09723,6676
9426cf1a1a875edadb43e3c320c47003,9477
b09b26c6e4e1bcbb52ef545a3eb25de3,2436
25527cb7e25dfbbdcad5245a7652474c,7576
dc01786442d8bcb9c6a42d77241d481e,5974
bc3c0d750e7f430c76036b6887e1e5e4,6779
7dbf79205b8aee144f2051ddaff4d1b9,0262
f43c6ab778637d233be907fbdbc1ef65,3943
2874c2a50edaf1bb216a9b4693b4a237,0360
2e235c72e042e0edfad51dd5fb64eb3d,8408
99d50897699c593b5300269223f0d846,0095
929a9d9b53567041d50fe7c05a114234,2568
5eec848fec84400db06f8d6879b5a645,0350
269165d15abba9ed9471dd2451fd7e7e,7376
fa6d53ffa249021d6778589979ca1c0a,2827
3099a82a7ca07105a87456dd358f2d1c,5079
473f17fe2c103a225aa27358f0ad5948,9400
ecbe85254a6e871b06591d676bf8894f,5254
4efd54a80a9deb85279b1d3ab9254de2,2564
3b3d3cbfbe5e56c1431239a7bf99d88d,4079
2717342cf2bae02bcbfc68e4d21e5afa,8278
47ee6a11ee443c0537489a0e13ce704d,9769
909201aaea127b193e32e54d78336a52,5700
8fcefac9f2c31954357cc5523920f286,2408
0743fd2fa76e85843289fbc96a7126f8,6698
10aeea18931357959c03bcdf4fa16189,9707
0891a8a014ffd49e3cc2328d09b73f34,2940
51c5d1453e83ef43e83ecb3d57292058,6756
a04cbc2521718c7d2683beb8d89e448b,8549
8d404ae569563d109068af6d18c3b168,4480
a245a175ea5b02db9f12ef5c4e497e56,0482
22fe492f7b9c77572a3d68cf7f400b10,6350
fb6d50d520d796523df20a372a20c3a9,2795
489adb8d2edfd04a3c928329e92ef954,0904
89ac22e50d108c1e3caa9c50dcaab12e,4782
80b2901fbf1a9bc27671b8f834724aec,2977
a600a640cf0942fa37b0e8017022e090,5807
15be71b20338b3f6e4a9c89822a0f09d,0293
a63254a81fa776232b8fa6af90375096,7483
19e31257a613c77a1195ac2092dc8d5b,0455
d58cef624924813f878b96ce040e8a4d,6754
fa1753ffb218f8ca169aaab59d93247d,5582
478b954ff7e5166dfa9bfe1d0261007d,2385
10eb927be1b2ba9f04e839327df1b5ac,7904
1226a9f07f0b1135c6facca9de30bc7a,3083
89453539f6ac5be32985d3d28259d4e4,2356
6e5a0f5457d1c60d8ae5ec8a064ad9c1,3990
da926722a489574e3567716e3dbdf698,5899
e06a2c0196fc0037f46833764065b384,4852
b0d2b6acd26752fe29d3236eb0b20cf7,4239
c29e45a30694358f0a58a4f37ae43b1c,6030
3ee3350217f5410b6840babd3bfa58fc,5203
ab56536f4c16e3c65d8cc219f7cf9701,2794
f2ab7843790202de7a8c9f8b4c6a4ce7,6635
d9598f6508580926fb8a25626989c44e,9543
cffe887b40e30de00fc1f49d931b3eb1,2556
bb9a9a210c73bddc0c41559de23ac91a,9599
ba845f7022032d16efbb43881ad7bdd7,8489
57f2a860d52f59740b30e8a312b074eb,5330
823b5e0fd14c13bb240b1d78286b4cef,7736
f18cb9507eef020077a0b460b1a675f8,3490
b0955c64d3a9bbf256ca78ca22343a0b,0274
389c76f885a03688bfe7d14ba71fb574,2730
44a0e10d62ff5c860381146b00228c45,8647
2f76a2bd73c7003fec248dacc1b78fb8,5030
62fa51495796b24b70e1a9647dce7862,7869
18460284a102985cfc84ff07948bd63d,9493
33665abb545b792865f01da6cc5d09fd,7446
75fc53b9077cf4ac8fb5abccaecec83c,4732
a6fcacb033e372a1c98863eaaa6039d3,3875
adfee1d68b22af00fb1fdd826149227a,5800
d7fada856ab635901c0d72b66c86d043,0387
22be9621ba47dbec22ec1781634ebc97,9552
f99d8f42b481b10fdda9b8f54b29ab70,4096
cd50303998c9ccb7894d9a101c505574,3779
994465cf96bb655ea0718035c55adde2,2937
0c9e3f667e2adeb1e62ae430b0542e8f,2428
bf5a256a6738121f4ec56c6707177a0a,8572
c4ceafef3a4ba501a4544821c0521f15,0605
771171e3656a5bf08e10b6129b26c20d,4979
79572370298f26aaf2e0b5b65e67e956,5524
353624aace02f7943d78f405be6db5f9,3272
373e4133741540240c7772e960a69864,4307
7df210b1e987daa075a838a213fc4be3,0055
790d73eb29fe6430fb5d83e44813993b,3798
d65f908b6a838611b12aafd1d2286c36,9292
bd3d98def099784bb96b8634307e95e4,8592
6807e9fc7888644080329d1da9beef9f,6000
9b98b342b630bf1e8c42c158b3c5d86a,5648
bb7be93366715b8c66245fd26f48ffee,7832
8ae87e50fd9976cd6c26dbd81eb18a74,9238
611d69ba38b9e8f22d45de57f44b2170,7203
0b9dbf27075fb9d8bd8f7aa1d8afbb91,0347
a3ce576dfdd26a51615db1759a297082,8666
8ec9fbaaf84f1c5c39b863efce8c267e,3247
77e379cbb9ee43cc405c25b37be15662,2279
7f53664866fb49d4ffc982abf72a5e57,7207
bdb10fd89ff1420cd84539ad07911990,2855
cea1c89db823558e13808f9636c20b06,8630
c1d4c5189884b4eb57781aa2af54ea4f,6245
b3d06e35cdf3f0e0b24a4ec74209b8bc,3846
b90138d9d53813b90605c10ac30fed9b,8738
cea0eddb3ba77b5e5dfcc52013fdf045,2739
c14e82d95bdd0325aca72ec49192021a,5062
da1e9fb753d7c2548160242562f39c64,7623
3aff97bd056da9060b5879a0b06fa045,2288
e250105cd15e784f93310ae1120f1e3b,9425
bc14d232d8d8f473accadb21c0316d18,6278
84bc33a1595aabd6a4aea947e359f6c8,6045
1ba027f167ba12851b8b3f6ac6b0de13,2792
250077ee222432fdebce2caf1c98e4e2,7423
25d32f45b1806c104796acf07fe6caf8,4900
f4af94716362b431dcf389e1c2c7340e,9489
d2a9068a5e4799a70fd4a97f523809d9,7523
37279bf945669526e798c6b532ee34c8,6486
c4988bf9c272af5af4cbacb5d8775356,0203
3dface4c1b6a8529af325df4c20f1cc4,6973
a90d80275edcd6f8692febf897659087,7682
7140dfa4b82fc2a2f70bff563915d3de,0669
e3a9391b5fdf1c4cc77f92c571dc2771,4638
186743e59c0442eb4151923afdcf81fa,4394
c0d8091e4f3af725a339c79d17495441,3498
8780f2dfa54dc806a9de5b1d05db80ec,6044
d30890341ef99e8a135d776863b926b1,3884
6c821d7589925887e99f637013824562,8854
95bf3a36b130c2f2ccf77eb9e4025f67,7674
143f888092fc8642d5b4599ff0706375,7389
72292e02ebfe7b17ca297742433fdaeb,3305
6c3b5f14aafde2b9a3cc211b10dbb643,6495
e980939068dc924e2533a46411422651,0858
ef97d5317b50e0a5978840dc629adf8d,5335
f17838f2c377c6217c9c25cf286bf197,0305
b9107dd8f78d7259550c4224d48cf4d1,5268
5f1153d2e91996c36b04eee8653d4db9,3602
0bbbf9fa60ac401aedcd87db14cc0618,8947
1c9445dcc0d39bbdce47d980e35311bb,6900
712129a820c3b1ef4c7dc6af2cde6e51,2747
dff676fce49a25699d41a449cc7f24b9,7904
3f6cbd38f64a4ecfcb89e6ec1bcf21c0,0259
cbf7e6c8cdc5588ad34b10ae6bab652d,5586
e8fcffa655a45d02626fbc8d68ce4f19,9966
fa413f38d887b794bd349627aa6ec8fc,8493
71fd99775151e24682b99d03b548f397,3593
61ffbae292f42cd0c96dc41517efa509,9255
3c7a2156863ed5e6f3794fcca398cd7c,9309
5c53a8dda6b3269a1b5c88e493280955,4962
c576fe8b24cb939f73e0b8181b6d3aab,2840
a2c57dccab74e3ba4d72792745413702,8394
f4824c06514b953a4496694f7421fd78,0362
d8f5de394e8351811a60e00be3a08c99,2588
1dc16b2427223b48ea0e86071b702782,5937
da83611a3836996769cbe178cf97e3ee,7827
d53741e8d54e34b2161185ddc153e8b1,4756
81264b983a1756baa9ede2711e502be7,8766
0b98f6a5584041ba405ab394cbe1ffa4,6509
1398828be77871802c1d9c355cd5f0cd,8458
7aa2e7ac1ce79b8a52170f94b5e0c132,9068
e1a947418db18a6767594eeb8b6c568d,4867
80d3a4c41687d73997566ad141a70ab7,6736
dd4a557aa73bedc111cd3f8f4775a3ec,5693
b63bb05edf36853a1acf2f6798254273,5887
bc5f4f00c5d4dca13dc4775da64bcf28,6549
918dc9ed12de58183b715f738388a5d8,3353
73c9c1573c4ffdad1518f4729a909d80,4432
a3ab218770d1c49e708cd6e670ffad60,4537
8767f80317df812cfb834a81bddc01c6,3550
b1c32b540e7365c4cd87512bdbfc60a6,0546
8fa7faecf6afbdec9ad30cbc1958f1dc,0626
0b1b385c76e9cb4a286b4ab906bc3059,3627
ff157b7a4d270e40202d9090e75377cc,7973
5f127174a3b8c5b517912c7bb6b14c61,0465
85aa35f6510c9f19f0f758e1edfa9480,2654
7445da9f078dadf3d83665cb24523ffa,9385
22c16c12088cada8fb88cb7048a15baa,5427
19b82d349bc0b6004221898f9a6a1480,8004
0df80f90d505fc289c4ce946c7d7af20,4208
5d72e9624f7095fbe2bbdc8d7fc4f98f,6038
8abe7d657afe6fac3976f46ac129f837,9304
17159581f6a05a031123050c99ca9e66,6787
459d46d538c00e5bf27d279b6dfdbbef,3595
ee0d3dbca94db8bfa23c5930d02d7cb6,0609
143ddf147ade3f3be5e92d0c68ad19d7,4837
7d0120bf290efe432e745efaefb7e202,6777
86644a384d87c15e80445229031c7633,9533
e0ff171118d4a9662e05ce1b12da523a,8069
1477098f3b989c70313de4d4f157e8c3,8473
4b26ddd16bf9fbaa271cf7583bd683fd,7974
ec169c99afab12fa2ff452ebbfce7fc5,9090
396fd41a991fa86839420ae7b2513dd3,7552
cb025f6f0665d8346fb6742945fa6c95,6364
9565b7d89bd131076ce45d8e6553817f,2285
d89526a92707517f3f8e082ffe30cc8b,2232
89f42109d94f33885469635c704a3c65,3833
b2fa5151926368369f795319bd359942,5064
d3bc16f196e09bc5f34455e89eac7cea,5628
20230d7d691986cd3ab4261c2ca9ccf4,5007
fa2d81f4cfbaa402642a050f65fe42fe,0839
2cc8ce913401d9f1787ddcfd79aad87d,6349
00fdca05006d7f2953cc00d74874f4a2,7996
3a0d382c2294456ee48fc330970bb51b,7737
258a8a6e25b096d29d367c1b25472bb7,8322
c99cd15f5beb647a4e2877d6af9d6254,5908
59707a311a243c467b5db9c43f6f1fe4,0068
da27110c8658d7b1a2613b64c6bfdec9,9452
5ef7f4e320b4ea0402631244d8ab8b38,7599
2e4f9b0d899c32dbba11955aba5dce02,0290
4f3e9ee613d5576618cde1815b3492d2,4570
3a97754fa12806f2ac96700fd884560d,4338
9d1610cb698c973fa8ea6e0d235b8579,6642
a863e302a688dbb4fb82c74a7f8617b8,8446
306afa04fb9a91455f438d6764fd5d96,9508
a62dcb58838ac7ae9791fce1b03862b3,9468
df0b382f8f6a670ff2aaade73ac449aa,4002
c4c5380bed5464a8d973cf5f188fbe42,9566
36d94ed3d02db8a8f2038b905c046788,2238
0af0b16450b82103b3f9ea339cd3e915,9247
016929132eaf194d86e7179083c86049,2090
b8e8573bcff0a6a1b5181dc298800889,0204
b180e8e129c19ace7f343f38d28309b9,2870
1be63aa4eb3e1a8615293badc3cb403a,9223
613880f3c524087f4f3e13ddae5589ee,8562
d558f11570f811377b550584552361b7,8769
edf27e0c03339084e903fbee766c6c78,8694
bf3cac19d5d5de1922c14848cb585d6d,5604
4cee12de194069b9e7553e0a7f388c50,9777
65a70cb55bcf2f2c67a65545648e2116,0332
88a4b20bd74b22d8753bfbe71e9f456a,8843
b058d86e9d4dee11d8656740c157ccd7,9355
a082057fc5f2409e229f65f57be192bd,2304
6b8d6597d2a90aee914afaa0b0e9d754,7097
de1ea6902d90109c3d253023c24e17b4,6594
5eeb4b19fb2684cb5033aaad3a2f603c,3288
459e054f4f7c7aa96991b80f9ee84ff9,5367
b599c5c721257bc89b732b5bba3929e5,0492
141e8f0bf122d2478812d96c196773e0,5790
598a47a43113be01bc8697fb4bf39902,5968
8cbe0ebe62295b8ef7ea60dbf719813a,6956
2d3f3ecded3adad42472d5f0a2539fca,6840
23cfafdbc6683fc158aaec9f0768a519,4545
b14987476e2fc5d981c4d9ba2d253de4,6666
0e0c09a380a857abc56a3c6fee3940ba,7339
82b041350555dbd92d8e4c2540a999a6,3269
46cc06fbfdbaae9a4e9e87f607f4ccbd,9374
0d823a6264466ca9bb6439993353daae,0853
fdcf3266665fed83c4f0768cfe4758ea,0564
eb923bd7330881c13619de252a9183be,5523
3af9565466841b03cd79f70ce55bef6b,5980
1aa4f074df7e936ff75e6e74171dd147,8947
1bad47da6d5fc344ce27aa487c1f1dfe,6082
ffcd557065c5bb17a8c82d6e094774fd,7533
c18387f1f60b0afa953debee619942cb,9673
38c2c213a6c9c4aa960e90a72f8a4df0,4323
0a09c8bdebbdb5d9bb9efbf4c22e038b,9474
bd17e7ae6e99a2b6192375ab3351f20f,8090
073ab97d4137e67d5ee906274b919601,0368
b3ebd66dba37d6c29bb09e51549b2207,8438
70049ffa44dbf93f8525230291582274,8737
c67203449907e83b82ea746922e750a4,9472
3f56ace497d10d30c2a939d2cbdb6345,7400
8ee89979007264ca694fe8337c9785b7,8953
6e0d907b81c3521f5169313e7fbec5a8,0426
51443c36409bb3e4c88e4786e35a1b3c,7633
d98562ab49e1a830b1d0914fcc3aef76,9750
5e93f072b5b1118e0cfbf0f9b52abc11,7380
dacfedfbebc08f482789b6d0f7f68561,6677
804cfbcc3f009b66ea96ea40307d0898,6067
b30fbf6be4f04832260237cc559b7a67,2524
8d2e4ac8e2501d678c9cdc2dd0379c15,4523
3a0b376a2bc0762f41ea443da924c68b,0654
500c9f683ecc948bf8a7ff5f7bcc5728,4044
4460a3bd29f1fb6259b4639d7e32c199,9437
29d55555f9105bd1ccda9372f82369e0,9659
0837536349e8712eae46ec41544f2e20,6892
3180d9e9506a1d20f8a6d765d9694837,7525
781a8657d02b32b2b8efe4ae7c115f35,2659
25ffd4c54d692bef1beb119528047ee2,2786
c38cfc6ab94a8df19393588ebedc137b,9094
64c42950b69ec8aa743071e221650f0f,9706
9cfd4c0ef64ced3489164907549282ed,3300
9ed98c62e6574d9324507f8045cd6957,6024
c6037dc60f26bf96cbfdaa4d35d1c4b4,2920
0189047e931725a7b4d5c8418b2e9f64,4429
6574c2de4c454a9df4380901dd82a4ec,4334
b4eb5245174be7e1c8e88ce1232f2dd2,7972
e8ea93c8c3ba1aaa421822d66b8ba5ab,8093
485c812e0fcc103d65f9787b7825563a,6427
3b2ecfcde2172c8462d1780f829f7356,9285
5f01f6b9f3d0a743af63bfb1adc3cd0d,2257
7b44095fb136c0b3fe69666b75c8a0c8,0604
892b329b6b4e3b8b1ee771d3d3a11c36,9896
b0a0dcb52fe62d4533f8ec559e0dc34e,3440
44b74a3b4a40cc58c0d6e1588a37e023,3447
25b2e8fa7f43a9d26dce7e09d2b00a85,0802
8c6e4997f1f306d8b7650227952af40c,3224
76fe7fb63be7c32cf24b4da4dc9684f2,3337
454168e15c36eacd2ee1263b05630109,4330
7c55aa60e9729086525ab50ef4616fc1,4260
816fd5ed4a4eef6ed15ba1f5153f7721,7240
dc34bb83b8ff84358ca8b462455402a6,2552
d760c5f8ecf94dd50096345d33409b41,2964
6380c62d9146cc0c0f1c8878e3e5909b,6636
d5844356b3a3b9b7d394187fb20ef278,5554
d2be3e67f2f8ac7e0be2a18d7f5690b0,8075
4dd05c32d61e007b6e53af5bded209e7,2686
a6fb07eff4b153b3c97746868cb07101,8375
bc0072fd90e76a4a84ebaa6859c1e6d8,3726
4a7ee8a28b32b6d3149b9ba3e3037800,9399
6f4c510e3a4a55f0084860db20587901,5902
18699c56ddee5a77ac911da9388282e9,6950
dc287db65272e9e105f9eb13898aa526,2669
fa895af94e400bd410f75c0c633e528b,4444
a37969c667a7e27467d57b5ffac876e1,4777
315081a35ac6e158a655013bad114a58,8842
d9181b73d6b1a9d884dea16dceab114a,3006
9274e2095aa85aedc378106e368b3448,2029
b8b3db96b13d223a06a2fcf84ed57c13,0389
f3a9e9f587f3fa88d4b6b2af9cb4a7ed,2574
10994819fd34c06f0577a8425aece22c,8059
0b22367a2d9ec284560af306d8d44b7f,8458
0e75edac6cdc0babbf55630586372084,9624
ed8814a6b908107a7b4a214b3ebdfad1,9875
f037a9bafee5145410f939dfade7be24,9992
242ac1ec28a8b58a03c53cab7fe39140,9890
d0912b8a25d592038c5c51ecd24e7dbb,9690
4029cdf6cf0bdb4203dccd1e1a02e484,5780
859bb2e9ca7a3bfb3f8998a489f23f8a,4859
34e42e000114e46a602aa48d25b67541,3508
2ca064089dce2e4298527d4ab3815547,7325
e89173122b921f678f2b4d43f8e41d42,8063
bc0d19173595c5cca3e3a0af798a3789,9648
fb5220fba0e43a9bee666620ddb66acc,5760
8ea2001c75ec078956c37d0b09a5110d,7043
02ecd0e1b35a8735c38e84c5f6dced35,6445
ecd61c3c21fec03d586e25a990845f87,5060
d3bfc1ed3344fc09951df03b9ee21fd0,6353
ee3601c4e5f75a25980355a76a8c20ef,7079
8fb1570677def3d76ddff09443bfaa04,5553
0f36f9c0bfb44713d8def8957cc36be8,3562
2673e9a75ac0cd4a3e1f458465a5f0c6,6352
6ca11ead7187bacf5705ef61d0fbb423,6649
f2756b3697e97810e6b223dcb68ec671,9258
6c6cf379c446fab665044975bcde55f3,6320
06a74a0e3c94e41029e3ad361dbaf404,5847
ab6a090fe87f49bfe9bfbb288ea5269a,4702
c71f796cad5fbc48cd7c51ab540e4edd,5425
06c3eaa17acfc751cf6c452295aecb3d,2525
a8c2bd6f585d92a9e798e9056c9af812,2338
2fc1cf77bf2de8138a44a140db5c2c14,7887
b5b168064b7626b5d0bcdf22b0fe0cf6,4976
0462b77726eb75d79270b0da99f64cb7,0968
3010fa7c1ce82ff156ad77258d11b61b,6735
ce3c71dadeccdcd776ee6f462b303da3,0750
93196c06196cca3f38fb188ec9dc8184,3350
dfadb55112574cf7c8ae905ae4d5c8d8,7995
d1f1a6268ba52b0d9b39dfd15c19d805,9305
1adb821a78840a50dce5b6ebf6c5007a,4797
6031e12376a2ce0a180fc28ecc678b76,3376
3498cfa0776cde8ecbbece2b1e626faf,7848
948ff1d4eac9501eb82b930e78adf14c,9473
3fda7d1eb531aafb8b808d6a7bde3fdd,2375
feb915678bd97ea1d1645668bb7c6751,9697
1870c84b5cb1092b5ad21093eec9cbc2,7282
fd07c917d95ff2d525c9a10942caa18f,8850
5bc136e927eb68aba8983c73e8b1abf4,5325
7e7d4a8b0aa01b1d4f48b31b3c0b7963,7325
f35f585d6dd2fc638ca91a210ffbacf7,2465
302d47f5697767a0553df89de55b6cb9,5995
b348befdff4b56449b4446238d9b55f3,8904
ced4876fe319db9662fbce09da3f3216,0589
57da39cf8083d983a82b806e1a0ee22c,0929
473577917f1abbcbfd9fc7af25ac4fd6,9287
65a6dd18caa16f468ffb28b57e0cb991,3024
3b95485037505043d8c498a7067d6769,5890
65a80c55e23d3d33c27d3b0ab12333b7,2405
327a6c2365688f579918328e51b56ab9,7656
db46b4f102784c489d099a00249a2656,5488
26cc70fb01b2d7d62625355c71eccddc,0328
dc31a849511940e67161783f5dece410,4698
a7fe7214fbad20e23743317ffd430503,6693
00ff5bb07e70a2574bfac9b8cf9c67b8,6547
81f4731c24e4a377f8a84f04981bf01c,9084
7d3964130be1c4152619643da51c1c1a,0637
fafa963e77e6b9e0cc8ab596cdfcef87,3642
137b29e510f4a623a3d075f0bb90ba72,5690
85c6cbc60690e55cf754ac6f5c2f0255,8899
a5eaf30cbd4992f9688fa866df877ebb,6499
3e0af6e744f2e19962095a387005165f,8040
942440dbd754e8e0564305e6b8a36530,0205
b3d9bc23c281ac38478387c6f0756efe,6703
0d5ed25242793ab94d3087b2b8c7aeb7,4937
461e95ad102fc277882b14fbf336d14e,7560
f5a728602ba69df3761433727cb96db4,5085
cf0872d728fc39e75bc8631f4ee6f4fd,0823
5eb8e32f3551a63ffa3ae78094f62d63,3307
ee1cd2ef1125c43b329cf09ce59639e3,9593
ffb8faff3800b33b8ee71b3d76c840f1,4524
280594c224040e2efda81e9187fddcdd,9758
c789578282f5db646ad349737ba1def8,4808
353ef307c99409c0d4a1ee922f113b17,2227
ef3279551522f27aa4877ef4c3958142,4726
f2801dcc4e3d1dfe07ac4c0fb2667c6e,2342
4b656e7fb6faae7ac7532e7149004ad1,2533
e5922c88ed756fd571b1bd320518a1c6,4454
079df197eac35a25628d18d185dcee17,2932
0b732644654f02b385e678be1a33106c,3725
76051cc8d415ca76f6843d5ee6ab5b76,0693
9b5ae143abd8c7723926a19564cacb18,2830
a4d045286dfc8cb35325b4a8544c63c6,0672
188038c97b37e7e6ae71e1d92ba0c0da,2525
2080c2f8d3e0472e99d0919ea1493d40,7957
acd978d8b5a83e75d8c90189b7b8172d,8020
a42f6fd4532e4be97159cf0e072e5c88,6075
b36e9f1fe6ac8c25ae70c2f75d8d2b66,2955
b442ffcc69bcc5e738eec0017e45dd8f,3422
e6d46469a3525bdc3daf4a25c886d2de,4754
ff3892d7280ad4117c07cb5b5f0a9394,2259
7951386c30644438c69d403b3c72345f,7760
97ed713083213655a3d505ad65fd29b4,4457
05eadbd8b31354606e0369040bae45dc,9344
e07372723c838a0c5ead02610331941a,2698
680097c8b2c783a8d93f5020eb1b916f,0666
f7b93a373ec8d744d3a50053420d5347,2289
b68e3f0bf69f9c6bd3b0a812b24676ba,6383
6c6f9da14dbe927f770c1aafbb06f3e9,2449
40aecc936b8a7a28eb4ce2dabbb008a0,6409
6a4a7c670bdb5c2c15feaae459566045,6024
cc41cef63f37ea544150db2c2eb3d923,5933
329fb886a98dc18b08aad88d914a7311,8447
72f2bbc7a551abc0f062162bb08b1fac,7654
90e8d65e2c2505cc952c5c420367bcfb,0769
95e6e197391f25241086ca8fc5701b06,5273
82e6e05b9580321bf434d93270cf2c46,4853
e10620c44d174a04f7f696989cb32fbf,6845
772ee13075163931e3df32a1efd930e0,3340
694ae2af7ac5ba3e7b654f4427b189da,3786
306b81425dfe982881953d3790b1c785,4403
a4969a239181be942156835455aa2ef4,5563
03c9bd4744f252e3896058243da52adb,5635
bb13e4d46cdea485ecc1cb3834fbd1b0,5005
cb660ed28f51997ff452400e8f0d350f,0830
786a102781dedcecdd55b02d2fdec482,6408
eef7ca225fbf4937a7b92a22d015c1e5,2574
ceed7263a03d75eeaa6baf611d1de446,7950
c0882207a147d77575636dcf401603ca,4472
90419a6b325823f7777e85f71616e01d,6449
18e81d4fc272d4bffe2636cd240008bd,2048
42a0ef90f0d6ddc555f1e0256c698e1d,8742
b6b542dae95fd94d57621126b27d7d50,3972
837bb9d467b8a6e332a08d22f21caf29,0770
c02443e9dafa7ced9bdfd2bffc1ab72a,6847
b0b46e1bd00c296199f922afcd141a3a,3464
ae4b9004e558cb53e25ba231ee53ce9a,3822
afa12c8b06d0c396d9a3ef2f8860a11d,8593
453556eca1f76bd86b5125f1fd541e6d,0393
3270208bc48f51563f118e3406785998,5746
d7d8fd844fae7bcb97eaeca5a1849a94,2566
853ca75f52f3c8718e52694d36f3b33a,6606
01f0067482d519bea7eca520756e0147,9907
046785cc40e08a8a6aa5390e82d8490d,6978
a06f894f60be90a1f3d11cf99e017bf8,6277
b3048acf62035ad851a70782ab842db3,2873
3f71cdca4dd9bb5bf74eb1f3dcef0c51,8089
135d1897c5f6602ea7ec4696496f4e5d,3080
20a4672a523408e8a4535d7bc1e84c31,3686
49aaa7a0cd2fb5a3da6036e916cacb5e,8237
63e66a119a0b150863055ff7addf9a50,3568
70c74d180da9116e7395c7f1adefbb92,3550
e32fd417c01b8eb9c423dfd38b1b36bd,2273
3828b931a9bf2a5ef62c5b73ce81e668,5082
6d1486707b1f244f8e5cb4fdf2561b17,6653
c1c7be62396787d60c14f0252d4138e3,2609
65756cfe09af6e09d7f970a39fca717a,8346
3bda688a61e913839b8709a286653ecd,3372
65a175b2aede03f3ba5db9a80e47bd12,4549
d12f3802515d17031c05d6155d745770,3327
689d095ed74a88a4ad922e46d6da5f23,6860
2d57fe035723e79f3f6f68cf1d6a9ef7,8754
6e8bca27f74e83bc54289432d49f771b,6484
419de3868a021c219eae558c6fe33bb6,3707
263205b60e199b735f9f400c91ba34b3,9022
64b6155350b4d3f2d7ad0c2e6ca171bf,2202
5441d964d6b481cade1a84374bd75c77,4927
c3fc63e4242ba1fe2602d7f20c3babcd,3863
8d7f96efc35840275c5e5587a8d71e49,9898
fe37ddf26a18365ec26a0d9ebf07a635,6572
80a023e2900261a292e3c353fe4ec294,3458
14e959db2b448924549358ab107cc398,6066
6e7087357b4847a07a74a12058211ed5,8088
666e5c4e3f5c057aa3164dc93b0a4fb1,8500
3d24015eab1c2c1a3e077975398bcf9b,7303
4f859010852163268fea6c3b7af23d0b,4543
eed1e0a5607a56ea7325dd9ac3ba015d,4733
d38884bae47404d5a660d5fc3aa83ec3,5623
ed563e368d3aa26f31909ac400fd02d8,3826
6cfc5f6c2d85fdffe823f2e6a2c8a6ec,6477
26aa1705fdab6aa774cfd8f745c82195,7773
1398828be77871802c1d9c355cd5f0cd,8458
57e9f443d8f1dfb1347c451a955c62c9,3968
7e11c4f8d8114b1c47920b5a76a6bb66,8992
1df02d4e739e2867947a6d25abd8bf79,5686
dd48040da09d8f175ebc617e30a4b3df,0342
9912486922a480e07829b47944e495bd,8347
7409a3c823808e2b44d88643c70c2d8f,9447
4c252c4092023059d1e87f9cc80be4cc,0046
3af873a3cf9ad4b486a56e0ceff156d2,5682
fef5c57a910290583f1223945a6966b8,2000
62ccba70cee5d31312010d77a4c83039,3977
715f8716d2a1f17d365dfa0a02371105,4863
2ca064089dce2e4298527d4ab3815547,7325
9232647f20a312400c9e85ea4b2966d9,9569
1b7a0815a6807724fd528201edce28e0,0450
2214dc3738bb73757deb8b64e20e85b7,2663
928e20adf57aef1bfba1f13b8c7dc7de,5557
eb037e9fb59d288b3a31336acabf3403,6988
1fad13787c60afb50f48ead4bba9a82f,9383
b51f1a9b37b8fb92f34dde1b54149a86,2868
8bb818a30bfea32fd361b2113725eb85,4457
625886b2da0a08d78b2030c3e2423165,8507
0a97036c34063b85b3e6a8503dbbcbdf,3652
1b159ac7fb61a711bce34e9195ca153c,3499
e0e75b2e1163fcf19ddf1f4d60a459ec,4349
4397e1a640594b197d383ec62365b7df,8856
ae2440b890e28e65756fb92cf57e0afa,7748
8767f80317df812cfb834a81bddc01c6,3550
93e3afc3b049c5182e9c509976e118d4,7862
e7ad859051b425749d779ddc8c089a50,8025
c2607130ef67f4fb7a778c2f728c655b,7532
d0b8110fd952b87674b8c3b4e30d2bd4,6573
46c593c6c90ccea7046af452f154505a,7060
85342921811783642ebfccebb064a21e,0282
15b78af6dac5e34b87562da394aee502,4344
727cc9386adac3b556de405921047d22,3840
24506c04791ddcb736e7c5931e4ade26,0869
bd73542468c3ca5f3425f6ac7d3311bc,0248
0cfd6bb01b7aa3afb49d9e1092a39126,4043
5495ea2620a15b7ec3dc7fec16d1501b,7407
67ae3350642b5bf9d15617799311315d,9082
f56a3bf8e08d2cfb0f2235e0cb2e259f,6867
523e5a1bc5cff5f75d2521474d37e397,8765
65c4b383caf67b5cc46d86dc3646ca05,9995
7a1e8690bea5fb458a1cc1a7e71d78e2,7284
a8be8e3a8618950f04be288587f19160,0490
4ccfe327223355e7e9b9fe14afdeec39,2732
12b733c480f2f9829f73105556d294b6,0059
6f238efa9dfa6ebfdc0aaf81831c7f28,3898
00bcc26e8b50e7e8879c3cce8cb1a0bd,9922
bb55e90104adad6ef05ac069aa830791,2752
e4bb53471a6ec4d9f8049c79c4e9ed72,6703
ee38c02d96f0445927dc9a98d9298020,7579
3925bcac775f8accd140ad7d88e4c17e,8358
39b9cd9b003c6b3c53e6a15fd98c7dbe,0749
d56faca5d5b7c4c6dc08715218cc54b3,4848
10eb927be1b2ba9f04e839327df1b5ac,7904
d660487565199d1247ab2122d2dbb6a7,3083
320d6ccfac83f7bdac1146786066735d,2205
6052d3efaab91dcd9f649e22614c9da9,6323
e5a9d23e6e60a76f272cdb4a8d916687,2283
b327791582eb7113e6f075b292560c46,0805
8462f80ca2ed7714406c7c22ddd76ada,7059
fe9bed79c8f0bd12cf68f69c2c46e48e,9338
7c1379ab53ac0f8d8144601a65af6bde,2333
eadb1cd700c5196f18783585830c9364,0560
4214136ba7dbd2681821a0523d8d2c32,6446
41dc59150a8963591c439bdaf9ef71e1,4782
327dd168a16cf60742800a4da39682d2,4405
b17f2340028eadeb1e36974c9723a8c3,2590
6cecf0738048d2f4867b6ae2037232bb,2227
442b8b1f54a431629455a7aec52ce3b4,7744
ff921defe53609e0420873354e202b28,7946
2ff9909572270ce4d7ca5ac8bdd3f926,4383
1b9c98179380c6054e933f445925b055,6640
d8c93615345a4c5d186516d6a20003fa,6580
d5967830c2596535e1276a62ee6d87fc,7769
ab7407f6ac810938d5e629b028a7541f,9292
49862f46729a9e4149dea9f676d2e5ad,5428
d77cf61db3843dd26e42e3dfc11e48c5,5482
3000956b02d38ff5b5e0e62f1279cbd1,4595
d3a84cdb921f3833f384a197a7595ccb,0036
6394529e12f76db5b962e16cf0c41d80,7636
b63c887d59d41f9af177bbf11d6dd5c2,0860
96def981c5a8dd0b8a53ee619cc281d9,4858
7450c804ef21b0f3fbadfa6c2f735fbc,7874
0137a989d8d11ae07bad45aa60d27cde,3665
3ea4f329ef49b4b48636cd480bfaa430,9428
782a68741dcc11431cf9cd32dabf1688,5093
5bef7a75548c4ebb9750c51863c5e8de,8996
636a0eef377856437c04618cf5dfb50b,8233
4a567d822457f8e5a05fd27987da155a,3807
353e257edff05fb8827e9576415c55d4,9632
1cbc15d758b45c4e3f8ed10253167f56,3690
b04b491575dfff7492d69ba57481c673,9689
e779ed2c051b9d910ebb31655afd916d,9774
06c3eaa17acfc751cf6c452295aecb3d,2525
a50bdad423080f17e75307f00ae4919a,0792
f2e8a8f4ef1f74f03d87305a7d0e4cd6,4337
2778cd67610ae6cfe1b74cc94cd72a86,7643
73839303980c5928d396159f33a9d865,6486
b2d8ac7e91498445d50703bfa05b03cb,7066
de7834e5fa092c4c36f451549a310ab2,6034
55cce3229c3ac03c038576cac3776b0d,0323
1bd5aba2a3387d7dca7762fc90d6d3c7,7889
0c9c7331d347daad601a2c7683adb4d6,8423
0a8a246c4117e7ab2ad7d11ecf6ddd80,8690
7aaadfe7bbdf88687d22f53dda218de9,5027
0f33ef7a7320777e9958c7c3877dba16,8929
d774ed534eed0d4b804a9c76cd0f82f3,0592
155fa9cbb289d5e678667d8ab04b94a4,2505
b4f765102a08ea1225a03ccd94c21796,5720
509713badea451eb6d8d9a63243402a9,4426
6f4353baff1df6706cd1b061a829f771,3428
c9a53dccb9f3903631575fa845a4e62d,8772
38254b8224965ef0488caa8fbda26af8,8385
e29a899335265957e3c65662d7ee01fe,7990